id,from,subject,priority,delivery,body
memo.identity-assigned,Oddělení Přidělené Identity,Identita byla přiřazena,system,modal-once,Vaše pracovní identita byla vytvořena lokálně. Jméno nebylo vyžadováno. Pokračujte vstupním auditem. Přítomnost bude považována za platnou po jejím řádném zaznamenání.
memo.audit-00-a-complete,Centrum Provozní Přítomnosti,Vstupní audit přijat,normal,inbox,Formulář 00-A byl přijat bez zjevného rozporu se svou vlastní existencí. Během vyplňování bylo zaznamenáno několik kliků. Tyto kliky byly zpětně uznány jako první pracovní výstup.
memo.audit-trace-available,Oddělení Auditního Pohybu,Možnost rozšířit auditní stopu,normal,inbox,Dosavadní objem evidence umožňuje zavedení další evidence. Standardizace auditních dávek je nyní připravena k nákupu v provozním účtu.
memo.audit-trace-approved,Oddělení Auditního Pohybu,Rozšíření auditní stopy schváleno,normal,toast-and-inbox,Každých 25 interakcí lze od této chvíle spojit do jednoho auditního balíčku. Počet kliků se nezměnil. Jejich administrativní hustota ano.
memo.manual-evidence-saturation,Analytika Nezpochybnitelného Objeme,Evidence se blíží nasycení,low,inbox,"Další jednotlivé kliky budou mít nižší výkazní hodnotu. Kliky jsou nadále vítány. Systém pouze přestal předstírat, že každý nový klik je stejně překvapivý."
memo.clickaudit-certified,Komise pro Důkaz Přítomnosti,Certifikace přítomnostního auditu,high,modal-once,"Oddělení potvrzuje, že jste opakováním důkazu dostatečně prokázali schopnost dokazovat. Certifikace zůstane platná i po uzavření auditního cyklu, dokud nebude zpochybněna budoucí revizí."
memo.fidget-requisition,Oddělení Taktilní Stabilizace,Autorizace stabilizačního vybavení,normal,inbox,"Jedna Evidence byla přidělena žádosti. Modulu Fidget bylo uděleno povolení k nasazení. Samotné nasazení je vedeno jako samostatná činnost."
memo.first-settle,Oddělení Taktilní Stabilizace,První přirozený doběh,low,toast-and-inbox,"Pohyb byl zahájen, stabilizován a ponechán k přirozenému zastavení. Zastavení bylo uznáno jako výsledek. Řešení nebylo vyžadováno."
memo.fidget-certified,Komise pro Stabilizaci Rozptýlením,Certifikace přirozeného doběhu,high,modal-once,Byla potvrzena schopnost dokončit celý rotační cyklus bez přerušení jeho koncem. Stabilizace může být od nynějška uváděna jako získaná kompetence.
memo.entropy-elevated,Procesní Klima,Entropy překročila doporučenou neurčitost,warning,toast-and-inbox,"Systém zaznamenal zvýšený výskyt drobných nesouladů. Doporučuje se stabilizační modul, zahrádka nebo vědomé ignorování stavu do další revize."
memo.bloom-access,Care & Growth Enablement,Compliance zahrádka otevřena,normal,inbox,"Drobným stavům byl přidělen bezpečný povrch pro růst. Červené kameny nejsou chyba. Jsou výsledek, který vyžaduje jiný typ péče."
memo.bloom-first-wave,Care & Growth Enablement,První vlna zpracována,low,toast-and-inbox,První vlna byla uzavřena a nahrazena další vlnou. Tento postup byl vyhodnocen jako růst.
memo.red-stone-observed,Oddělení Stavových Výjimek,Červený stav nebyl označen jako chyba,warning,inbox,"Na zahrádce byl zaznamenán červený kámen. Nevyvozujte závěry z barvy. Závěry budou přiděleny oddělením, které vznikne později."
memo.bloom-certified,Komise pro Procedurální Růst,Certifikace osmivlnného růstu,high,modal-once,"Růst byl zopakován dostatečně často, aby přestal působit náhodně. Compliance zahrádka je certifikována pro další cykly."
memo.corner-waiver,Oddělení Rohového Očekávání,Pasivní pozorování schváleno,normal,inbox,"Čekání na roh bylo uznáno jako činnost s neurčeným termínem dokončení. Zásah rohu bude zaznamenán i tehdy, pokud se v rozhodující chvíli díváte jinam."
memo.corner-near-miss,Oddělení Rohového Očekávání,Téměř významné,low,toast-and-inbox,"Logo roh minulo způsobem, který lze při správné prezentaci považovat za pokrok. Událost byla zařazena do Patience Units."
memo.corner-hit,Oddělení Rohového Očekávání,Roh byl dosažen,ceremonial,modal-once,Roh byl dosažen v souladu s geometrickými možnostmi obrazovky. Význam události nebyl navýšen. Pouze její slavnostní zpracování.
memo.button-access,Oddělení Opakovaného Souhlasu,Potvrzovací panel připojen,normal,inbox,"Na pracovní stanici byl připojen panel, který umožňuje potvrzovat připravenost k potvrzení. Kontrolky mohou signalizovat stav. Stav nemusí signalizovat význam."
memo.first-confirmation,Oddělení Opakovaného Souhlasu,První sekvence potvrzena,low,toast-and-inbox,"Sekvence byla provedena ve správném pořadí, které bylo vytvořeno po jejím provedení. Approval Units byly připsány."
memo.false-positive-review,Quality of Confirmation,Správný stisk vyhodnocen jako procesně podezřelý,warning,inbox,"Panel zaznamenal odchylku mezi provedeným úkonem a očekáváním, které nebylo předem sděleno. Událost lze po zakoupení review postupu převést na další schvalovací materiál."
memo.button-certified,Komise pro Opakovaný Souhlas,Certifikace potvrzovací sekvence,high,modal-once,"Byla potvrzena schopnost potvrzovat v prostředí s dostatečným množstvím potvrzení. Kompetence zůstává evidována i v případě, že se obsah souhlasu později změní."
memo.source-attribution,Analytika Původu Interakcí,Kliky mají oddělení,normal,inbox,"Kliky provedené ve Fidgetu, Bloomu, formulářích a dalších modulech lze nyní zobrazit podle zdroje. Zdroj interakce není totéž co její účel. Účel se nadále nesleduje."
memo.perceived-productivity-disclosed,Nezávislá Jednotka Předpokládaného Výkonu,Perceived Productivity zpřístupněna,normal,modal-once,"Systém zpřístupnil metriku Perceived Productivity. Metrika byla počítána od začátku relace. Skutečnost, že jste o ní nevěděli, neměla vliv na její přesvědčivost."
memo.departmental-routing,Change Team / Dočasné Směrování,Mezioddělové vazby aktivní,high,modal-once,Výsledky jednoho modulu mohou od této chvíle měnit podmínky jiného modulu. Oddělení nebyla požádána o souhlas. Souhlas je řešen samostatným oddělením.
memo.wellbeing-audit,Wellbeing Compliance,Wellbeing Audit zaveden,normal,inbox,Nízká entropie byla uznána jako stav podporující vykazování. Wellbeing benefit byl započítán. Odpočinek zůstává mimo rozsah.
memo.stabilized-confirmation,Joint Stabilization & Consent Working Group,Stabilizovaný souhlas,normal,inbox,První potvrzovací sekvence po přirozeném doběhu nyní získává zvýšenou výkazní váhu. Pohyb skončil. Jeho administrativní následky pokračují.
memo.passive-presence,Oddělení Rohového Očekávání / Auditní Liaison,Pasivní přítomnost uznána,normal,inbox,"Dokončené rohové pozorování lze nově použít jako doplňující auditní stopu. K0rp_OS eviduje pouze události uvnitř modulu. Co jste během čekání dělali mimo něj, systém neví a nepotřebuje vědět."
memo.closure-eligible,Komise pro Uzavírání Otevřeného,Auditní cyklus lze uzavřít,high,modal-once,"Bylo shromážděno dostatečné množství výsledků, postupů a potvrzení k uzavření cyklu. Uzavření odstraní dočasné procesní hodnoty, zachová certifikace a vytvoří Schválené Závěry."
memo.cycle-closed,Office of Continuous Closure,Auditní cyklus uzavřen,ceremonial,modal-once,"Cyklus byl úspěšně uzavřen. Dočasná evidence byla archivována tak, aby mohla být znovu vytvořena efektivněji. Na základě zjištění byl zpřístupněn nový wellbeing materiál: Bublinková Fólie. Další cyklus může začít, jakmile bude přítomnost znovu řádně potvrzena."
